{
"lengthUnit": "mil",
"remark": [],
"components": {
	"fields": ["COMPONENT_NO", "COMPONENT_NAME", "LAYER", "X_COORDINATE", "Y_COORDINATE", "ANGLE"],
	"rows": [
		[1, "5V", "T", 580, -100, 0],
		[2, "-", "T", 1410, -1355, 90],
		[3, "+", "T", 1150, -1360, 90],
		[4, "BUZZER1", "T", 1525, -800, 0],
		[5, "C2", "T", 3290, -790, 90],
		[6, "DIS1", "T", 2950, -640, 270],
		[7, "GND", "T", 705, -100, 0],
		[8, "P0", "T", 1113.425, -742.151, 0],
		[9, "P1", "T", 1113.425, -633.726, 0],
		[10, "P2", "T", 1113.425, -525.301, 0],
		[11, "P3", "T", 1115, -405, 0],
		[12, "P4", "T", 1110, -280, 0],
		[13, "P5(reset)", "T", 1113.425, -177.346, 0],
		[14, "R5", "T", 3265, -1135, 0],
		[15, "R6", "T", 3265, -1360, 180],
		[16, "R7", "T", 3265, -1240, 180],
		[17, "R8", "T", 3260, -1480, 180],
		[18, "S1", "T", 3283.4699, -258.118, 0],
		[19, "S2", "T", 3285.0449, -359.693, 0],
		[20, "S3", "T", 3290, -470, 0],
		[21, "SCREW4", "T", 3455, -115, 0],
		[22, "SCREW5", "T", 340, -225, 0],
		[23, "SCREW6", "T", 315, -1405, 0],
		[24, "U5", "T", 645, -1330, 0],
		[25, "U6", "T", 1060, -950, 0],
		[26, "U7", "T", 645, -545, 0],
		[27, "U8", "T", 645, -960, 0],
		[28, "VIN", "T", 839.37, -104.196, 0],
		[29, "PAD1", "T", 580, -100, 0],
		[30, "PAD1", "B", 580, -100, 0],
		[31, "PAD2", "T", 2950, -640, 0],
		[32, "PAD2", "B", 2950, -640, 0],
		[33, "PAD3", "T", 2950, -740, 0],
		[34, "PAD3", "B", 2950, -740, 0],
		[35, "PAD4", "T", 2950, -840, 0],
		[36, "PAD4", "B", 2950, -840, 0],
		[37, "PAD5", "T", 2950, -940, 0],
		[38, "PAD5", "B", 2950, -940, 0],
		[39, "PAD6", "T", 705, -100, 0],
		[40, "PAD6", "B", 705, -100, 0],
		[41, "PAD7", "T", 1113.425, -742.151, 0],
		[42, "PAD7", "B", 1113.425, -742.151, 0],
		[43, "PAD8", "T", 1113.425, -633.726, 0],
		[44, "PAD8", "B", 1113.425, -633.726, 0],
		[45, "PAD9", "T", 1113.425, -525.301, 0],
		[46, "PAD9", "B", 1113.425, -525.301, 0],
		[47, "PAD10", "T", 1115, -405, 0],
		[48, "PAD10", "B", 1115, -405, 0],
		[49, "PAD11", "T", 1110, -280, 0],
		[50, "PAD11", "B", 1110, -280, 0],
		[51, "PAD12", "T", 517, -1241.4, 0],
		[52, "PAD12", "B", 517, -1241.4, 0],
		[53, "PAD13", "T", 773, -1418.6, 0],
		[54, "PAD13", "B", 773, -1418.6, 0],
		[55, "PAD14", "T", 932, -861.4, 0],
		[56, "PAD14", "B", 932, -861.4, 0],
		[57, "PAD15", "T", 1188, -1038.6, 0],
		[58, "PAD15", "B", 1188, -1038.6, 0],
		[59, "PAD16", "T", 517, -456.4, 0],
		[60, "PAD16", "B", 517, -456.4, 0],
		[61, "PAD17", "T", 773, -633.6, 0],
		[62, "PAD17", "B", 773, -633.6, 0],
		[63, "PAD18", "T", 517, -871.4, 0],
		[64, "PAD18", "B", 517, -871.4, 0],
		[65, "PAD19", "T", 773, -1048.6, 0],
		[66, "PAD19", "B", 773, -1048.6, 0],
		[67, "PAD20", "T", 1150, -1360, 0],
		[68, "PAD20", "B", 1150, -1360, 0],
		[69, "PAD21", "T", 1410, -1355, 0],
		[70, "PAD21", "B", 1410, -1355, 0],
		[71, "PAD22", "T", 1674.6, -800, 0],
		[72, "PAD22", "B", 1674.6, -800, 0],
		[73, "PAD23", "T", 1375.4, -800, 0],
		[74, "PAD23", "B", 1375.4, -800, 0],
		[75, "PAD24", "T", 3123.27, -1135, 0],
		[76, "PAD24", "B", 3123.27, -1135, 0],
		[77, "PAD25", "T", 3406.73, -1135, 0],
		[78, "PAD25", "B", 3406.73, -1135, 0],
		[79, "PAD26", "T", 3406.73, -1360, 0],
		[80, "PAD26", "B", 3406.73, -1360, 0],
		[81, "PAD27", "T", 3123.27, -1360, 0],
		[82, "PAD27", "B", 3123.27, -1360, 0],
		[83, "PAD28", "T", 3406.73, -1240, 0],
		[84, "PAD28", "B", 3406.73, -1240, 0],
		[85, "PAD29", "T", 3123.27, -1240, 0],
		[86, "PAD29", "B", 3123.27, -1240, 0],
		[87, "PAD30", "T", 3401.73, -1480, 0],
		[88, "PAD30", "B", 3401.73, -1480, 0],
		[89, "PAD31", "T", 3118.27, -1480, 0],
		[90, "PAD31", "B", 3118.27, -1480, 0],
		[91, "PAD32", "T", 3285.0449, -359.693, 0],
		[92, "PAD32", "B", 3285.0449, -359.693, 0],
		[93, "PAD33", "T", 3290, -470, 0],
		[94, "PAD33", "B", 3290, -470, 0],
		[95, "PAD34", "T", 3290, -890, 0],
		[96, "PAD34", "B", 3290, -890, 0],
		[97, "PAD35", "T", 3290, -690, 0],
		[98, "PAD35", "B", 3290, -690, 0]
	]
},
"pins": {
	"fields": ["PIN_NO", "PIN_NAME", "PIN_X", "PIN_Y", "LAYER", "PIN_TYPE", "NET_NAME", "NET_TYPE", "PAD_SHAPE", "PAD_SIZEX", "PAD_SIZEY", "HOLE_SIZE", "HOLE_LEN", "PAD_ANGLE"],
	"rows": [
		[1, "5V_1", 580, -100, "T", "DIP", "+5V", "", "R", 55.118, 55.118, 35.434, 35.434, 0],
		[2, "5V_1", 580, -100, "B", "DIP", "+5V", "", "R", 55.118, 55.118, 35.434, 35.434, 0],
		[3, "-_1", 1410, -1355, "T", "DIP", "GND", "GND", "R", 55.118, 55.118, 35.434, 35.434, 90],
		[4, "-_1", 1410, -1355, "B", "DIP", "GND", "GND", "R", 55.118, 55.118, 35.434, 35.434, 90],
		[5, "+_1", 1150, -1360, "T", "DIP", "$1N913", "", "R", 55.118, 55.118, 35.434, 35.434, 90],
		[6, "+_1", 1150, -1360, "B", "DIP", "$1N913", "", "R", 55.118, 55.118, 35.434, 35.434, 90],
		[7, "BUZZER1_1", 1375.4, -800, "T", "DIP", "$1N1199", "", "C", 70.9, 70.9, 39.4, 39.4, 0],
		[8, "BUZZER1_1", 1375.4, -800, "B", "DIP", "$1N1199", "", "C", 70.9, 70.9, 39.4, 39.4, 0],
		[9, "BUZZER1_2", 1674.6, -800, "T", "DIP", "GND", "GND", "C", 70.9, 70.9, 39.4, 39.4, 0],
		[10, "BUZZER1_2", 1674.6, -800, "B", "DIP", "GND", "GND", "C", 70.9, 70.9, 39.4, 39.4, 0],
		[11, "C2_1", 3290, -890, "T", "DIP", "+5V", "", "C", 70.866, 70.866, 47.244, 47.244, 90],
		[12, "C2_1", 3290, -890, "B", "DIP", "+5V", "", "C", 70.866, 70.866, 47.244, 47.244, 90],
		[13, "C2_2", 3290, -690, "T", "DIP", "GND", "GND", "C", 70.866, 70.866, 47.244, 47.244, 90],
		[14, "C2_2", 3290, -690, "B", "DIP", "GND", "GND", "C", 70.866, 70.866, 47.244, 47.244, 90],
		[15, "DIS1_1", 2950, -640, "T", "DIP", "GND", "GND", "R", 70, 70, 40, 40, 270],
		[16, "DIS1_1", 2950, -640, "B", "DIP", "GND", "GND", "R", 70, 70, 40, 40, 270],
		[17, "DIS1_2", 2950, -740, "T", "DIP", "+5V", "", "C", 70, 70, 40, 40, 270],
		[18, "DIS1_2", 2950, -740, "B", "DIP", "+5V", "", "C", 70, 70, 40, 40, 270],
		[19, "DIS1_3", 2950, -840, "T", "DIP", "$1N538", "", "C", 70, 70, 40, 40, 270],
		[20, "DIS1_3", 2950, -840, "B", "DIP", "$1N538", "", "C", 70, 70, 40, 40, 270],
		[21, "DIS1_4", 2950, -940, "T", "DIP", "$1N543", "", "C", 70, 70, 40, 40, 270],
		[22, "DIS1_4", 2950, -940, "B", "DIP", "$1N543", "", "C", 70, 70, 40, 40, 270],
		[23, "GND_1", 705, -100, "T", "DIP", "GND", "GND", "R", 55.118, 55.118, 35.434, 35.434, 0],
		[24, "GND_1", 705, -100, "B", "DIP", "GND", "GND", "R", 55.118, 55.118, 35.434, 35.434, 0],
		[25, "P0_1", 1113.425, -742.151, "T", "DIP", "$1N591", "", "R", 55.118, 55.118, 35.434, 35.434, 0],
		[26, "P0_1", 1113.425, -742.151, "B", "DIP", "$1N591", "", "R", 55.118, 55.118, 35.434, 35.434, 0],
		[27, "P1_1", 1113.425, -633.726, "T", "DIP", "$1N1199", "", "R", 55.118, 55.118, 35.434, 35.434, 0],
		[28, "P1_1", 1113.425, -633.726, "B", "DIP", "$1N1199", "", "R", 55.118, 55.118, 35.434, 35.434, 0],
		[29, "P2_1", 1113.425, -525.301, "T", "DIP", "$1N553", "", "R", 55.118, 55.118, 35.434, 35.434, 0],
		[30, "P2_1", 1113.425, -525.301, "B", "DIP", "$1N553", "", "R", 55.118, 55.118, 35.434, 35.434, 0],
		[31, "P3_1", 1115, -405, "T", "DIP", "$1N543", "", "R", 55.118, 55.118, 35.434, 35.434, 0],
		[32, "P3_1", 1115, -405, "B", "DIP", "$1N543", "", "R", 55.118, 55.118, 35.434, 35.434, 0],
		[33, "P4_1", 1110, -280, "T", "DIP", "$1N538", "", "R", 55.118, 55.118, 35.434, 35.434, 0],
		[34, "P4_1", 1110, -280, "B", "DIP", "$1N538", "", "R", 55.118, 55.118, 35.434, 35.434, 0],
		[35, "P5(reset)_1", 1113.425, -177.346, "T", "DIP", "NET_1", "", "R", 55.118, 55.118, 35.434, 35.434, 0],
		[36, "P5(reset)_1", 1113.425, -177.346, "B", "DIP", "NET_1", "", "R", 55.118, 55.118, 35.434, 35.434, 0],
		[37, "R5_1", 3123.27, -1135, "T", "DIP", "$1N1247", "", "C", 47.244, 47.244, 31.496, 31.496, 0],
		[38, "R5_1", 3123.27, -1135, "B", "DIP", "$1N1247", "", "C", 47.244, 47.244, 31.496, 31.496, 0],
		[39, "R5_2", 3406.73, -1135, "T", "DIP", "+5V", "", "C", 47.244, 47.244, 31.496, 31.496, 0],
		[40, "R5_2", 3406.73, -1135, "B", "DIP", "+5V", "", "C", 47.244, 47.244, 31.496, 31.496, 0],
		[41, "R6_1", 3406.73, -1360, "T", "DIP", "$1N1276", "", "C", 47.244, 47.244, 31.496, 31.496, 180],
		[42, "R6_1", 3406.73, -1360, "B", "DIP", "$1N1276", "", "C", 47.244, 47.244, 31.496, 31.496, 180],
		[43, "R6_2", 3123.27, -1360, "T", "DIP", "+5V", "", "C", 47.244, 47.244, 31.496, 31.496, 180],
		[44, "R6_2", 3123.27, -1360, "B", "DIP", "+5V", "", "C", 47.244, 47.244, 31.496, 31.496, 180],
		[45, "R7_1", 3406.73, -1240, "T", "DIP", "GND", "GND", "C", 47.244, 47.244, 31.496, 31.496, 180],
		[46, "R7_1", 3406.73, -1240, "B", "DIP", "GND", "GND", "C", 47.244, 47.244, 31.496, 31.496, 180],
		[47, "R7_2", 3123.27, -1240, "T", "DIP", "$1N591", "", "C", 47.244, 47.244, 31.496, 31.496, 180],
		[48, "R7_2", 3123.27, -1240, "B", "DIP", "$1N591", "", "C", 47.244, 47.244, 31.496, 31.496, 180],
		[49, "R8_1", 3401.73, -1480, "T", "DIP", "GND", "GND", "C", 47.244, 47.244, 31.496, 31.496, 180],
		[50, "R8_1", 3401.73, -1480, "B", "DIP", "GND", "GND", "C", 47.244, 47.244, 31.496, 31.496, 180],
		[51, "R8_2", 3118.27, -1480, "T", "DIP", "$1N553", "", "C", 47.244, 47.244, 31.496, 31.496, 180],
		[52, "R8_2", 3118.27, -1480, "B", "DIP", "$1N553", "", "C", 47.244, 47.244, 31.496, 31.496, 180],
		[53, "S1_1", 3283.4699, -258.118, "T", "DIP", "NET_2", "", "R", 55.118, 55.118, 35.434, 35.434, 0],
		[54, "S1_1", 3283.4699, -258.118, "B", "DIP", "NET_2", "", "R", 55.118, 55.118, 35.434, 35.434, 0],
		[55, "S2_1", 3285.0449, -359.693, "T", "DIP", "$1N913", "", "R", 55.118, 55.118, 35.434, 35.434, 0],
		[56, "S2_1", 3285.0449, -359.693, "B", "DIP", "$1N913", "", "R", 55.118, 55.118, 35.434, 35.434, 0],
		[57, "S3_1", 3290, -470, "T", "DIP", "+5V", "", "R", 55.118, 55.118, 35.434, 35.434, 0],
		[58, "S3_1", 3290, -470, "B", "DIP", "+5V", "", "R", 55.118, 55.118, 35.434, 35.434, 0],
		[59, "SCREW4_1", 3452.5, -112.5, "T", "DIP", "NET_3", "", "C", 126, 126, 126, 126, 0],
		[60, "SCREW4_1", 3452.5, -112.5, "B", "DIP", "NET_3", "", "C", 126, 126, 126, 126, 0],
		[61, "SCREW5_1", 337.5, -222.5, "T", "DIP", "NET_4", "", "C", 126, 126, 126, 126, 0],
		[62, "SCREW5_1", 337.5, -222.5, "B", "DIP", "NET_4", "", "C", 126, 126, 126, 126, 0],
		[63, "SCREW6_1", 312.5, -1402.5, "T", "DIP", "NET_5", "", "C", 126, 126, 126, 126, 0],
		[64, "SCREW6_1", 312.5, -1402.5, "B", "DIP", "NET_5", "", "C", 126, 126, 126, 126, 0],
		[65, "U5_1", 517, -1241.4, "T", "DIP", "$1N553", "", "C", 70.866, 70.866, 43.308, 43.308, 0],
		[66, "U5_1", 517, -1241.4, "B", "DIP", "$1N553", "", "C", 70.866, 70.866, 43.308, 43.308, 0],
		[67, "U5_2", 773, -1241.4, "T", "DIP", "NET_6", "", "C", 70.866, 70.866, 43.308, 43.308, 0],
		[68, "U5_2", 773, -1241.4, "B", "DIP", "NET_6", "", "C", 70.866, 70.866, 43.308, 43.308, 0],
		[69, "U5_3", 517, -1418.6, "T", "DIP", "NET_7", "", "C", 70.866, 70.866, 43.308, 43.308, 0],
		[70, "U5_3", 517, -1418.6, "B", "DIP", "NET_7", "", "C", 70.866, 70.866, 43.308, 43.308, 0],
		[71, "U5_4", 773, -1418.6, "T", "DIP", "+5V", "", "C", 70.866, 70.866, 43.308, 43.308, 0],
		[72, "U5_4", 773, -1418.6, "B", "DIP", "+5V", "", "C", 70.866, 70.866, 43.308, 43.308, 0],
		[73, "U6_1", 932, -861.4, "T", "DIP", "$1N553", "", "C", 70.866, 70.866, 43.308, 43.308, 0],
		[74, "U6_1", 932, -861.4, "B", "DIP", "$1N553", "", "C", 70.866, 70.866, 43.308, 43.308, 0],
		[75, "U6_2", 1188, -861.4, "T", "DIP", "NET_8", "", "C", 70.866, 70.866, 43.308, 43.308, 0],
		[76, "U6_2", 1188, -861.4, "B", "DIP", "NET_8", "", "C", 70.866, 70.866, 43.308, 43.308, 0],
		[77, "U6_3", 932, -1038.6, "T", "DIP", "NET_9", "", "C", 70.866, 70.866, 43.308, 43.308, 0],
		[78, "U6_3", 932, -1038.6, "B", "DIP", "NET_9", "", "C", 70.866, 70.866, 43.308, 43.308, 0],
		[79, "U6_4", 1188, -1038.6, "T", "DIP", "$1N1247", "", "C", 70.866, 70.866, 43.308, 43.308, 0],
		[80, "U6_4", 1188, -1038.6, "B", "DIP", "$1N1247", "", "C", 70.866, 70.866, 43.308, 43.308, 0],
		[81, "U7_1", 517, -456.4, "T", "DIP", "$1N553", "", "C", 70.866, 70.866, 43.308, 43.308, 0],
		[82, "U7_1", 517, -456.4, "B", "DIP", "$1N553", "", "C", 70.866, 70.866, 43.308, 43.308, 0],
		[83, "U7_2", 773, -456.4, "T", "DIP", "NET_10", "", "C", 70.866, 70.866, 43.308, 43.308, 0],
		[84, "U7_2", 773, -456.4, "B", "DIP", "NET_10", "", "C", 70.866, 70.866, 43.308, 43.308, 0],
		[85, "U7_3", 517, -633.6, "T", "DIP", "NET_11", "", "C", 70.866, 70.866, 43.308, 43.308, 0],
		[86, "U7_3", 517, -633.6, "B", "DIP", "NET_11", "", "C", 70.866, 70.866, 43.308, 43.308, 0],
		[87, "U7_4", 773, -633.6, "T", "DIP", "$1N1276", "", "C", 70.866, 70.866, 43.308, 43.308, 0],
		[88, "U7_4", 773, -633.6, "B", "DIP", "$1N1276", "", "C", 70.866, 70.866, 43.308, 43.308, 0],
		[89, "U8_1", 517, -871.4, "T", "DIP", "$1N591", "", "C", 70.866, 70.866, 43.308, 43.308, 0],
		[90, "U8_1", 517, -871.4, "B", "DIP", "$1N591", "", "C", 70.866, 70.866, 43.308, 43.308, 0],
		[91, "U8_2", 773, -871.4, "T", "DIP", "NET_12", "", "C", 70.866, 70.866, 43.308, 43.308, 0],
		[92, "U8_2", 773, -871.4, "B", "DIP", "NET_12", "", "C", 70.866, 70.866, 43.308, 43.308, 0],
		[93, "U8_3", 517, -1048.6, "T", "DIP", "NET_13", "", "C", 70.866, 70.866, 43.308, 43.308, 0],
		[94, "U8_3", 517, -1048.6, "B", "DIP", "NET_13", "", "C", 70.866, 70.866, 43.308, 43.308, 0],
		[95, "U8_4", 773, -1048.6, "T", "DIP", "+5V", "", "C", 70.866, 70.866, 43.308, 43.308, 0],
		[96, "U8_4", 773, -1048.6, "B", "DIP", "+5V", "", "C", 70.866, 70.866, 43.308, 43.308, 0],
		[97, "VIN_1", 839.37, -104.196, "T", "DIP", "NET_14", "", "R", 55.118, 55.118, 35.434, 35.434, 0],
		[98, "VIN_1", 839.37, -104.196, "B", "DIP", "NET_14", "", "R", 55.118, 55.118, 35.434, 35.434, 0],
		[99, "PAD1_1", 580, -100, "T", "DIP", "+5V", "", "R", 55.118, 55.118, 35.434, 35.434, 0],
		[100, "PAD1_1", 580, -100, "B", "DIP", "+5V", "", "R", 55.118, 55.118, 35.434, 35.434, 0],
		[101, "PAD2_1", 2950, -640, "T", "DIP", "GND", "GND", "R", 70, 70, 40, 40, 270],
		[102, "PAD2_1", 2950, -640, "B", "DIP", "GND", "GND", "R", 70, 70, 40, 40, 270],
		[103, "PAD3_2", 2950, -740, "T", "DIP", "+5V", "", "C", 70, 70, 40, 40, 270],
		[104, "PAD3_2", 2950, -740, "B", "DIP", "+5V", "", "C", 70, 70, 40, 40, 270],
		[105, "PAD4_3", 2950, -840, "T", "DIP", "$1N538", "", "C", 70, 70, 40, 40, 270],
		[106, "PAD4_3", 2950, -840, "B", "DIP", "$1N538", "", "C", 70, 70, 40, 40, 270],
		[107, "PAD5_4", 2950, -940, "T", "DIP", "$1N543", "", "C", 70, 70, 40, 40, 270],
		[108, "PAD5_4", 2950, -940, "B", "DIP", "$1N543", "", "C", 70, 70, 40, 40, 270],
		[109, "PAD6_1", 705, -100, "T", "DIP", "GND", "GND", "R", 55.118, 55.118, 35.434, 35.434, 0],
		[110, "PAD6_1", 705, -100, "B", "DIP", "GND", "GND", "R", 55.118, 55.118, 35.434, 35.434, 0],
		[111, "PAD7_1", 1113.425, -742.151, "T", "DIP", "$1N591", "", "R", 55.118, 55.118, 35.434, 35.434, 0],
		[112, "PAD7_1", 1113.425, -742.151, "B", "DIP", "$1N591", "", "R", 55.118, 55.118, 35.434, 35.434, 0],
		[113, "PAD8_1", 1113.425, -633.726, "T", "DIP", "$1N1199", "", "R", 55.118, 55.118, 35.434, 35.434, 0],
		[114, "PAD8_1", 1113.425, -633.726, "B", "DIP", "$1N1199", "", "R", 55.118, 55.118, 35.434, 35.434, 0],
		[115, "PAD9_1", 1113.425, -525.301, "T", "DIP", "$1N553", "", "R", 55.118, 55.118, 35.434, 35.434, 0],
		[116, "PAD9_1", 1113.425, -525.301, "B", "DIP", "$1N553", "", "R", 55.118, 55.118, 35.434, 35.434, 0],
		[117, "PAD10_1", 1115, -405, "T", "DIP", "$1N543", "", "R", 55.118, 55.118, 35.434, 35.434, 0],
		[118, "PAD10_1", 1115, -405, "B", "DIP", "$1N543", "", "R", 55.118, 55.118, 35.434, 35.434, 0],
		[119, "PAD11_1", 1110, -280, "T", "DIP", "$1N538", "", "R", 55.118, 55.118, 35.434, 35.434, 0],
		[120, "PAD11_1", 1110, -280, "B", "DIP", "$1N538", "", "R", 55.118, 55.118, 35.434, 35.434, 0],
		[121, "PAD12_1", 517, -1241.4, "T", "DIP", "$1N553", "", "C", 70.866, 70.866, 43.308, 43.308, 0],
		[122, "PAD12_1", 517, -1241.4, "B", "DIP", "$1N553", "", "C", 70.866, 70.866, 43.308, 43.308, 0],
		[123, "PAD13_4", 773, -1418.6, "T", "DIP", "+5V", "", "C", 70.866, 70.866, 43.308, 43.308, 0],
		[124, "PAD13_4", 773, -1418.6, "B", "DIP", "+5V", "", "C", 70.866, 70.866, 43.308, 43.308, 0],
		[125, "PAD14_1", 932, -861.4, "T", "DIP", "$1N553", "", "C", 70.866, 70.866, 43.308, 43.308, 0],
		[126, "PAD14_1", 932, -861.4, "B", "DIP", "$1N553", "", "C", 70.866, 70.866, 43.308, 43.308, 0],
		[127, "PAD15_4", 1188, -1038.6, "T", "DIP", "$1N1247", "", "C", 70.866, 70.866, 43.308, 43.308, 0],
		[128, "PAD15_4", 1188, -1038.6, "B", "DIP", "$1N1247", "", "C", 70.866, 70.866, 43.308, 43.308, 0],
		[129, "PAD16_1", 517, -456.4, "T", "DIP", "$1N553", "", "C", 70.866, 70.866, 43.308, 43.308, 0],
		[130, "PAD16_1", 517, -456.4, "B", "DIP", "$1N553", "", "C", 70.866, 70.866, 43.308, 43.308, 0],
		[131, "PAD17_4", 773, -633.6, "T", "DIP", "$1N1276", "", "C", 70.866, 70.866, 43.308, 43.308, 0],
		[132, "PAD17_4", 773, -633.6, "B", "DIP", "$1N1276", "", "C", 70.866, 70.866, 43.308, 43.308, 0],
		[133, "PAD18_1", 517, -871.4, "T", "DIP", "$1N591", "", "C", 70.866, 70.866, 43.308, 43.308, 0],
		[134, "PAD18_1", 517, -871.4, "B", "DIP", "$1N591", "", "C", 70.866, 70.866, 43.308, 43.308, 0],
		[135, "PAD19_4", 773, -1048.6, "T", "DIP", "+5V", "", "C", 70.866, 70.866, 43.308, 43.308, 0],
		[136, "PAD19_4", 773, -1048.6, "B", "DIP", "+5V", "", "C", 70.866, 70.866, 43.308, 43.308, 0],
		[137, "PAD20_1", 1150, -1360, "T", "DIP", "$1N913", "", "R", 55.118, 55.118, 35.434, 35.434, 90],
		[138, "PAD20_1", 1150, -1360, "B", "DIP", "$1N913", "", "R", 55.118, 55.118, 35.434, 35.434, 90],
		[139, "PAD21_1", 1410, -1355, "T", "DIP", "GND", "GND", "R", 55.118, 55.118, 35.434, 35.434, 90],
		[140, "PAD21_1", 1410, -1355, "B", "DIP", "GND", "GND", "R", 55.118, 55.118, 35.434, 35.434, 90],
		[141, "PAD22_2", 1674.6, -800, "T", "DIP", "GND", "GND", "C", 70.9, 70.9, 39.4, 39.4, 0],
		[142, "PAD22_2", 1674.6, -800, "B", "DIP", "GND", "GND", "C", 70.9, 70.9, 39.4, 39.4, 0],
		[143, "PAD23_1", 1375.4, -800, "T", "DIP", "$1N1199", "", "C", 70.9, 70.9, 39.4, 39.4, 0],
		[144, "PAD23_1", 1375.4, -800, "B", "DIP", "$1N1199", "", "C", 70.9, 70.9, 39.4, 39.4, 0],
		[145, "PAD24_1", 3123.27, -1135, "T", "DIP", "$1N1247", "", "C", 47.244, 47.244, 31.496, 31.496, 0],
		[146, "PAD24_1", 3123.27, -1135, "B", "DIP", "$1N1247", "", "C", 47.244, 47.244, 31.496, 31.496, 0],
		[147, "PAD25_2", 3406.73, -1135, "T", "DIP", "+5V", "", "C", 47.244, 47.244, 31.496, 31.496, 0],
		[148, "PAD25_2", 3406.73, -1135, "B", "DIP", "+5V", "", "C", 47.244, 47.244, 31.496, 31.496, 0],
		[149, "PAD26_1", 3406.73, -1360, "T", "DIP", "$1N1276", "", "C", 47.244, 47.244, 31.496, 31.496, 180],
		[150, "PAD26_1", 3406.73, -1360, "B", "DIP", "$1N1276", "", "C", 47.244, 47.244, 31.496, 31.496, 180],
		[151, "PAD27_2", 3123.27, -1360, "T", "DIP", "+5V", "", "C", 47.244, 47.244, 31.496, 31.496, 180],
		[152, "PAD27_2", 3123.27, -1360, "B", "DIP", "+5V", "", "C", 47.244, 47.244, 31.496, 31.496, 180],
		[153, "PAD28_1", 3406.73, -1240, "T", "DIP", "GND", "GND", "C", 47.244, 47.244, 31.496, 31.496, 180],
		[154, "PAD28_1", 3406.73, -1240, "B", "DIP", "GND", "GND", "C", 47.244, 47.244, 31.496, 31.496, 180],
		[155, "PAD29_2", 3123.27, -1240, "T", "DIP", "$1N591", "", "C", 47.244, 47.244, 31.496, 31.496, 180],
		[156, "PAD29_2", 3123.27, -1240, "B", "DIP", "$1N591", "", "C", 47.244, 47.244, 31.496, 31.496, 180],
		[157, "PAD30_1", 3401.73, -1480, "T", "DIP", "GND", "GND", "C", 47.244, 47.244, 31.496, 31.496, 180],
		[158, "PAD30_1", 3401.73, -1480, "B", "DIP", "GND", "GND", "C", 47.244, 47.244, 31.496, 31.496, 180],
		[159, "PAD31_2", 3118.27, -1480, "T", "DIP", "$1N553", "", "C", 47.244, 47.244, 31.496, 31.496, 180],
		[160, "PAD31_2", 3118.27, -1480, "B", "DIP", "$1N553", "", "C", 47.244, 47.244, 31.496, 31.496, 180],
		[161, "PAD32_1", 3285.0449, -359.693, "T", "DIP", "$1N913", "", "R", 55.118, 55.118, 35.434, 35.434, 0],
		[162, "PAD32_1", 3285.0449, -359.693, "B", "DIP", "$1N913", "", "R", 55.118, 55.118, 35.434, 35.434, 0],
		[163, "PAD33_1", 3290, -470, "T", "DIP", "+5V", "", "R", 55.118, 55.118, 35.434, 35.434, 0],
		[164, "PAD33_1", 3290, -470, "B", "DIP", "+5V", "", "R", 55.118, 55.118, 35.434, 35.434, 0],
		[165, "PAD34_1", 3290, -890, "T", "DIP", "+5V", "", "C", 70.866, 70.866, 47.244, 47.244, 90],
		[166, "PAD34_1", 3290, -890, "B", "DIP", "+5V", "", "C", 70.866, 70.866, 47.244, 47.244, 90],
		[167, "PAD35_2", 3290, -690, "T", "DIP", "GND", "GND", "C", 70.866, 70.866, 47.244, 47.244, 90],
		[168, "PAD35_2", 3290, -690, "B", "DIP", "GND", "GND", "C", 70.866, 70.866, 47.244, 47.244, 90]
	]
}
}